cocktail onion,http://www.cocktaildb.com/ingr_detail?id=1
mescal,http://www.cocktaildb.com/ingr_detail?id=3
Tequila,http://www.cocktaildb.com/ingr_detail?id=4
aÃ±ejo Tequila,http://www.cocktaildb.com/ingr_detail?id=5
gold Tequila,http://www.cocktaildb.com/ingr_detail?id=6
Tequila reposado,http://www.cocktaildb.com/ingr_detail?id=7
silver Tequila,http://www.cocktaildb.com/ingr_detail?id=8
ale,http://www.cocktaildb.com/ingr_detail?id=9
beer,http://www.cocktaildb.com/ingr_detail?id=10
lager,http://www.cocktaildb.com/ingr_detail?id=11
porter,http://www.cocktaildb.com/ingr_detail?id=12
stout,http://www.cocktaildb.com/ingr_detail?id=13
Abbott's bitters,http://www.cocktaildb.com/ingr_detail?id=14
absinthe,http://www.cocktaildb.com/ingr_detail?id=15
amer,http://www.cocktaildb.com/ingr_detail?id=16
Amer Picon,http://www.cocktaildb.com/ingr_detail?id=17
Amourette,http://www.cocktaildb.com/ingr_detail?id=18
Angostura bitters,http://www.cocktaildb.com/ingr_detail?id=19
Aperital,http://www.cocktaildb.com/ingr_detail?id=20
aperitif bitters,http://www.cocktaildb.com/ingr_detail?id=21
aromatic bitters,http://www.cocktaildb.com/ingr_detail?id=22
bitters,http://www.cocktaildb.com/ingr_detail?id=23
Bogart's bitters,http://www.cocktaildb.com/ingr_detail?id=24
Boker's bitters,http://www.cocktaildb.com/ingr_detail?id=25
Boonekamp bitters,http://www.cocktaildb.com/ingr_detail?id=26
Calisaya bitters,http://www.cocktaildb.com/ingr_detail?id=27
Campari,http://www.cocktaildb.com/ingr_detail?id=28
Caroni bitters,http://www.cocktaildb.com/ingr_detail?id=29
celery bitters,http://www.cocktaildb.com/ingr_detail?id=30
East India bitters,http://www.cocktaildb.com/ingr_detail?id=31
Fernet Branca,http://www.cocktaildb.com/ingr_detail?id=32
Ferro-China bitters,http://www.cocktaildb.com/ingr_detail?id=33
Hostetter's bitters,http://www.cocktaildb.com/ingr_detail?id=34
Khoosh bitters,http://www.cocktaildb.com/ingr_detail?id=35
Manhattan bitters,http://www.cocktaildb.com/ingr_detail?id=36
orange bitters,http://www.cocktaildb.com/ingr_detail?id=37
peach bitters,http://www.cocktaildb.com/ingr_detail?id=38
pepsin bitters,http://www.cocktaildb.com/ingr_detail?id=39
Peruvian bitters,http://www.cocktaildb.com/ingr_detail?id=40
Peychaud bitters,http://www.cocktaildb.com/ingr_detail?id=41
Schroeder Bitters,http://www.cocktaildb.com/ingr_detail?id=42
Secrestat bitters,http://www.cocktaildb.com/ingr_detail?id=43
Stoughton bitters,http://www.cocktaildb.com/ingr_detail?id=44
Underberg bitters,http://www.cocktaildb.com/ingr_detail?id=45
Unicum,http://www.cocktaildb.com/ingr_detail?id=46
Habanero,http://www.cocktaildb.com/ingr_detail?id=47
Navy Grog mix,http://www.cocktaildb.com/ingr_detail?id=48
Pimm's Cup #1,http://www.cocktaildb.com/ingr_detail?id=49
Pimm's Cup #2,http://www.cocktaildb.com/ingr_detail?id=50
Pimm's Cup #3,http://www.cocktaildb.com/ingr_detail?id=51
Pimm's Cup #4,http://www.cocktaildb.com/ingr_detail?id=52
Pimm's Cup #5,http://www.cocktaildb.com/ingr_detail?id=53
Pimm's Cup #6,http://www.cocktaildb.com/ingr_detail?id=54
Tom & Jerry mix,http://www.cocktaildb.com/ingr_detail?id=55
American apple brandy,http://www.cocktaildb.com/ingr_detail?id=56
applejack,http://www.cocktaildb.com/ingr_detail?id=57
Armagnac,http://www.cocktaildb.com/ingr_detail?id=58
Asbach Uralt,http://www.cocktaildb.com/ingr_detail?id=59
brandy,http://www.cocktaildb.com/ingr_detail?id=60
Calvados,http://www.cocktaildb.com/ingr_detail?id=61
Cape of Good Hope Brandy,http://www.cocktaildb.com/ingr_detail?id=62
Cognac,http://www.cocktaildb.com/ingr_detail?id=63
Courvoisier,http://www.cocktaildb.com/ingr_detail?id=64
Metaxa,http://www.cocktaildb.com/ingr_detail?id=65
Spanish brandy,http://www.cocktaildb.com/ingr_detail?id=66
grape-based aguardiente,http://www.cocktaildb.com/ingr_detail?id=67
Barack Palinka,http://www.cocktaildb.com/ingr_detail?id=68
cherry brandy,http://www.cocktaildb.com/ingr_detail?id=69
eau de vie,http://www.cocktaildb.com/ingr_detail?id=70
framboise eau de vie,http://www.cocktaildb.com/ingr_detail?id=71
grappa,http://www.cocktaildb.com/ingr_detail?id=72
himbeergeist,http://www.cocktaildb.com/ingr_detail?id=73
kirsch,http://www.cocktaildb.com/ingr_detail?id=74
marc,http://www.cocktaildb.com/ingr_detail?id=75
mirabelle,http://www.cocktaildb.com/ingr_detail?id=76
pear brandy,http://www.cocktaildb.com/ingr_detail?id=77
pisco,http://www.cocktaildb.com/ingr_detail?id=78
plum brandy,http://www.cocktaildb.com/ingr_detail?id=79
Poire Williams,http://www.cocktaildb.com/ingr_detail?id=80
pomice brandy,http://www.cocktaildb.com/ingr_detail?id=81
quetsch,http://www.cocktaildb.com/ingr_detail?id=82
slivovitz,http://www.cocktaildb.com/ingr_detail?id=83
zwetschenwasser,http://www.cocktaildb.com/ingr_detail?id=84
Acid phosphate,http://www.cocktaildb.com/ingr_detail?id=85
Hadacol,http://www.cocktaildb.com/ingr_detail?id=86
Jamaica Ginger,http://www.cocktaildb.com/ingr_detail?id=87
allspice,http://www.cocktaildb.com/ingr_detail?id=88
almond,http://www.cocktaildb.com/ingr_detail?id=89
anchovy,http://www.cocktaildb.com/ingr_detail?id=90
apple slice,http://www.cocktaildb.com/ingr_detail?id=91
slice of apricot,http://www.cocktaildb.com/ingr_detail?id=92
slice of banana,http://www.cocktaildb.com/ingr_detail?id=93
black cherry,http://www.cocktaildb.com/ingr_detail?id=94
brandied cherry,http://www.cocktaildb.com/ingr_detail?id=95
cherry,http://www.cocktaildb.com/ingr_detail?id=96
coconut piece,http://www.cocktaildb.com/ingr_detail?id=98
coffee bean,http://www.cocktaildb.com/ingr_detail?id=99
coffee grounds,http://www.cocktaildb.com/ingr_detail?id=100
cranberry,http://www.cocktaildb.com/ingr_detail?id=101
cucumber slice,http://www.cocktaildb.com/ingr_detail?id=102
curls,http://www.cocktaildb.com/ingr_detail?id=103
dilly bean,http://www.cocktaildb.com/ingr_detail?id=104
flower,http://www.cocktaildb.com/ingr_detail?id=105
fruit garnish,http://www.cocktaildb.com/ingr_detail?id=106
garnish,http://www.cocktaildb.com/ingr_detail?id=107
fresh grape,http://www.cocktaildb.com/ingr_detail?id=109
kumquat slice,http://www.cocktaildb.com/ingr_detail?id=110
lemon wheel,http://www.cocktaildb.com/ingr_detail?id=111
lime wheel,http://www.cocktaildb.com/ingr_detail?id=112
Chinese golden lime,http://www.cocktaildb.com/ingr_detail?id=113
mango slice,http://www.cocktaildb.com/ingr_detail?id=114
mint candy,http://www.cocktaildb.com/ingr_detail?id=115
nectarine slice,http://www.cocktaildb.com/ingr_detail?id=116
olive,http://www.cocktaildb.com/ingr_detail?id=117
orange wheel,http://www.cocktaildb.com/ingr_detail?id=118
grated orange zest,http://www.cocktaildb.com/ingr_detail?id=119
slice of  passion fruit,http://www.cocktaildb.com/ingr_detail?id=120
Peach slice,http://www.cocktaildb.com/ingr_detail?id=121
pineapple slice,http://www.cocktaildb.com/ingr_detail?id=122
plum,http://www.cocktaildb.com/ingr_detail?id=123
prune,http://www.cocktaildb.com/ingr_detail?id=124
raisin,http://www.cocktaildb.com/ingr_detail?id=125
raspberry,http://www.cocktaildb.com/ingr_detail?id=126
turbinado sugar,http://www.cocktaildb.com/ingr_detail?id=127
twist,http://www.cocktaildb.com/ingr_detail?id=128
piece of watermelon,http://www.cocktaildb.com/ingr_detail?id=129
whipped cream,http://www.cocktaildb.com/ingr_detail?id=130
crÃ¨me de rose,http://www.cocktaildb.com/ingr_detail?id=131
crÃ¨me de violette,http://www.cocktaildb.com/ingr_detail?id=132
CrÃ¨me Yvette,http://www.cocktaildb.com/ingr_detail?id=133
rosolio,http://www.cocktaildb.com/ingr_detail?id=134
Abricotine,http://www.cocktaildb.com/ingr_detail?id=135
Alize,http://www.cocktaildb.com/ingr_detail?id=136
apple schnapps liqueur,http://www.cocktaildb.com/ingr_detail?id=137
apricot liqueur,http://www.cocktaildb.com/ingr_detail?id=138
apricot flavored brandy,http://www.cocktaildb.com/ingr_detail?id=139
Apry,http://www.cocktaildb.com/ingr_detail?id=140
Aurum,http://www.cocktaildb.com/ingr_detail?id=141
banana-flavored brandy liqueur,http://www.cocktaildb.com/ingr_detail?id=142
black currant liqueur,http://www.cocktaildb.com/ingr_detail?id=143
blackberry schnapps,http://www.cocktaildb.com/ingr_detail?id=144
blackberry flavored brandy,http://www.cocktaildb.com/ingr_detail?id=145
Capricot,http://www.cocktaildb.com/ingr_detail?id=146
Chambord,http://www.cocktaildb.com/ingr_detail?id=147
Cheri Suisse,http://www.cocktaildb.com/ingr_detail?id=148
Cherry Heering,http://www.cocktaildb.com/ingr_detail?id=149
cherry liqueur,http://www.cocktaildb.com/ingr_detail?id=150
cherry flavored brandy,http://www.cocktaildb.com/ingr_detail?id=151
Cointreau,http://www.cocktaildb.com/ingr_detail?id=152
Controy,http://www.cocktaildb.com/ingr_detail?id=153
Cordial Medoc,http://www.cocktaildb.com/ingr_detail?id=154
crÃ¨me de ananas,http://www.cocktaildb.com/ingr_detail?id=155
crÃ¨me de banane,http://www.cocktaildb.com/ingr_detail?id=156
crÃ¨me de cassis,http://www.cocktaildb.com/ingr_detail?id=157
crÃ¨me de prunelle,http://www.cocktaildb.com/ingr_detail?id=158
CuraÃ§ao,http://www.cocktaildb.com/ingr_detail?id=159
Forbidden Fruit,http://www.cocktaildb.com/ingr_detail?id=160
framboise liqueur,http://www.cocktaildb.com/ingr_detail?id=162
Grand Marnier,http://www.cocktaildb.com/ingr_detail?id=163
lime liqueur,http://www.cocktaildb.com/ingr_detail?id=164
Malibu,http://www.cocktaildb.com/ingr_detail?id=165
Mandarette,http://www.cocktaildb.com/ingr_detail?id=166
Mandarine Napoleon,http://www.cocktaildb.com/ingr_detail?id=167
Mandarinette,http://www.cocktaildb.com/ingr_detail?id=168
mandarin liqueur,http://www.cocktaildb.com/ingr_detail?id=169
maraschino liqueur,http://www.cocktaildb.com/ingr_detail?id=170
melon liqueur,http://www.cocktaildb.com/ingr_detail?id=171
Midori,http://www.cocktaildb.com/ingr_detail?id=172
peach-flavored brandy liqueur,http://www.cocktaildb.com/ingr_detail?id=173
peach liqueur,http://www.cocktaildb.com/ingr_detail?id=174
Pisang Ambon,http://www.cocktaildb.com/ingr_detail?id=175
Pricota,http://www.cocktaildb.com/ingr_detail?id=176
raspberry-flavored brandy liqueur,http://www.cocktaildb.com/ingr_detail?id=177
rock & rye,http://www.cocktaildb.com/ingr_detail?id=178
liqueur schnapps,http://www.cocktaildb.com/ingr_detail?id=179
Seven Fruits liqueur,http://www.cocktaildb.com/ingr_detail?id=180
sloe gin,http://www.cocktaildb.com/ingr_detail?id=181
sour apple-flavored liqueur,http://www.cocktaildb.com/ingr_detail?id=182
Southern Comfort,http://www.cocktaildb.com/ingr_detail?id=183
strawberry-flavored liqueur,http://www.cocktaildb.com/ingr_detail?id=184
triple sec,http://www.cocktaildb.com/ingr_detail?id=185
Van der Hum,http://www.cocktaildb.com/ingr_detail?id=186
advocaat,http://www.cocktaildb.com/ingr_detail?id=187
Anis del Mono,http://www.cocktaildb.com/ingr_detail?id=188
anisette,http://www.cocktaildb.com/ingr_detail?id=189
B & B,http://www.cocktaildb.com/ingr_detail?id=190
Benedictine,http://www.cocktaildb.com/ingr_detail?id=191
Calisay liqueur,http://www.cocktaildb.com/ingr_detail?id=192
Canton Ginger,http://www.cocktaildb.com/ingr_detail?id=193
Charbreux,http://www.cocktaildb.com/ingr_detail?id=194
green Chartreuse,http://www.cocktaildb.com/ingr_detail?id=195
cinnamon schnapps liqueur,http://www.cocktaildb.com/ingr_detail?id=196
crÃ¨me de menthe,http://www.cocktaildb.com/ingr_detail?id=197
crÃ¨me de recco,http://www.cocktaildb.com/ingr_detail?id=198
crÃ¨me de thÃ©,http://www.cocktaildb.com/ingr_detail?id=199
Damiana,http://www.cocktaildb.com/ingr_detail?id=200
Galliano,http://www.cocktaildb.com/ingr_detail?id=201
ginger-flavored brandy liqueur,http://www.cocktaildb.com/ingr_detail?id=202
goldwasser,http://www.cocktaildb.com/ingr_detail?id=204
Greenopal,http://www.cocktaildb.com/ingr_detail?id=205
Herbsaint,http://www.cocktaildb.com/ingr_detail?id=206
Hercules,http://www.cocktaildb.com/ingr_detail?id=207
yellow Izarra,http://www.cocktaildb.com/ingr_detail?id=208
JÃ¤germeister,http://www.cocktaildb.com/ingr_detail?id=209
kummel,http://www.cocktaildb.com/ingr_detail?id=210
liqueur,http://www.cocktaildb.com/ingr_detail?id=211
Liqueur d'Or,http://www.cocktaildb.com/ingr_detail?id=212
mint-flavored liqueur or schnapps,http://www.cocktaildb.com/ingr_detail?id=213
Ojen,http://www.cocktaildb.com/ingr_detail?id=214
ouzo,http://www.cocktaildb.com/ingr_detail?id=215
parfait amour,http://www.cocktaildb.com/ingr_detail?id=216
pastis,http://www.cocktaildb.com/ingr_detail?id=217
peppermint schnapps,http://www.cocktaildb.com/ingr_detail?id=218
Pernod,http://www.cocktaildb.com/ingr_detail?id=219
pimento dram,http://www.cocktaildb.com/ingr_detail?id=220
Roiano,http://www.cocktaildb.com/ingr_detail?id=221
Rompope,http://www.cocktaildb.com/ingr_detail?id=222
Rumpleminze,http://www.cocktaildb.com/ingr_detail?id=223
sambuca,http://www.cocktaildb.com/ingr_detail?id=224
Strega,http://www.cocktaildb.com/ingr_detail?id=225
Suze,http://www.cocktaildb.com/ingr_detail?id=226
Tea Breeze,http://www.cocktaildb.com/ingr_detail?id=227
Vandermint,http://www.cocktaildb.com/ingr_detail?id=228
Vieille Cure,http://www.cocktaildb.com/ingr_detail?id=229
Vov,http://www.cocktaildb.com/ingr_detail?id=230
amaretto,http://www.cocktaildb.com/ingr_detail?id=231
chocolate-flavored liqueur,http://www.cocktaildb.com/ingr_detail?id=232
coffee-flavored liqueur,http://www.cocktaildb.com/ingr_detail?id=233
crÃ¨me de cacao,http://www.cocktaildb.com/ingr_detail?id=234
crÃ¨me de moka,http://www.cocktaildb.com/ingr_detail?id=235
crÃ¨me de noisette,http://www.cocktaildb.com/ingr_detail?id=236
crÃ¨me de noyeau,http://www.cocktaildb.com/ingr_detail?id=237
crÃ¨me de vanille,http://www.cocktaildb.com/ingr_detail?id=238
Frangelico,http://www.cocktaildb.com/ingr_detail?id=239
Kahlua,http://www.cocktaildb.com/ingr_detail?id=240
Tia Maria,http://www.cocktaildb.com/ingr_detail?id=241
Tonicola,http://www.cocktaildb.com/ingr_detail?id=242
Tuaca,http://www.cocktaildb.com/ingr_detail?id=243
Bourbon liqueur,http://www.cocktaildb.com/ingr_detail?id=244
Canadian whiskey liqueur,http://www.cocktaildb.com/ingr_detail?id=245
Drambuie,http://www.cocktaildb.com/ingr_detail?id=246
East Indian Punch,http://www.cocktaildb.com/ingr_detail?id=247
Irish cream,http://www.cocktaildb.com/ingr_detail?id=248
Irish whiskey liqueur,http://www.cocktaildb.com/ingr_detail?id=249
Lochan Ora,http://www.cocktaildb.com/ingr_detail?id=250
Rumola,http://www.cocktaildb.com/ingr_detail?id=251
Rumona,http://www.cocktaildb.com/ingr_detail?id=252
Swedish Punch/Punsch,http://www.cocktaildb.com/ingr_detail?id=253
aquavit,http://www.cocktaildb.com/ingr_detail?id=254
Bombay gin,http://www.cocktaildb.com/ingr_detail?id=255
genever gin,http://www.cocktaildb.com/ingr_detail?id=256
London dry gin,http://www.cocktaildb.com/ingr_detail?id=257
mint-flavored gin,http://www.cocktaildb.com/ingr_detail?id=258
old tom gin,http://www.cocktaildb.com/ingr_detail?id=259
orange-flavored gin,http://www.cocktaildb.com/ingr_detail?id=260
Plymouth gin,http://www.cocktaildb.com/ingr_detail?id=261
Gordon's Gin,http://www.cocktaildb.com/ingr_detail?id=262
liquor,http://www.cocktaildb.com/ingr_detail?id=263
traditional schnapps,http://www.cocktaildb.com/ingr_detail?id=264
Seagram's Gin,http://www.cocktaildb.com/ingr_detail?id=265
Tarkhuna,http://www.cocktaildb.com/ingr_detail?id=266
vodka,http://www.cocktaildb.com/ingr_detail?id=267
flavored vodka,http://www.cocktaildb.com/ingr_detail?id=268
yellow gin,http://www.cocktaildb.com/ingr_detail?id=269
zubrowka,http://www.cocktaildb.com/ingr_detail?id=270
7-Up,http://www.cocktaildb.com/ingr_detail?id=271
apple cider,http://www.cocktaildb.com/ingr_detail?id=273
apple juice,http://www.cocktaildb.com/ingr_detail?id=274
beef bouillon,http://www.cocktaildb.com/ingr_detail?id=275
blackberry jelly,http://www.cocktaildb.com/ingr_detail?id=276
blood orange slice,http://www.cocktaildb.com/ingr_detail?id=277
Bloody Mary mix,http://www.cocktaildb.com/ingr_detail?id=278
brine,http://www.cocktaildb.com/ingr_detail?id=279
blueberry syrup,http://www.cocktaildb.com/ingr_detail?id=280
brown sugar,http://www.cocktaildb.com/ingr_detail?id=281
butter,http://www.cocktaildb.com/ingr_detail?id=282
sugar cane syrup,http://www.cocktaildb.com/ingr_detail?id=283
capillaire syrup,http://www.cocktaildb.com/ingr_detail?id=284
cayenne pepper,http://www.cocktaildb.com/ingr_detail?id=285
celery salt,http://www.cocktaildb.com/ingr_detail?id=286
chili sauce,http://www.cocktaildb.com/ingr_detail?id=287
cocoa,http://www.cocktaildb.com/ingr_detail?id=288
cider,http://www.cocktaildb.com/ingr_detail?id=289
cider vinegar,http://www.cocktaildb.com/ingr_detail?id=290
cinnamon,http://www.cocktaildb.com/ingr_detail?id=291
clam juice,http://www.cocktaildb.com/ingr_detail?id=292
clove,http://www.cocktaildb.com/ingr_detail?id=293
Coca Cola,http://www.cocktaildb.com/ingr_detail?id=294
cochineal,http://www.cocktaildb.com/ingr_detail?id=295
coconut milk,http://www.cocktaildb.com/ingr_detail?id=296
coconut cream,http://www.cocktaildb.com/ingr_detail?id=297
coffee,http://www.cocktaildb.com/ingr_detail?id=299
espresso,http://www.cocktaildb.com/ingr_detail?id=300
instant coffee,http://www.cocktaildb.com/ingr_detail?id=301
Cola,http://www.cocktaildb.com/ingr_detail?id=302
cranberry juice,http://www.cocktaildb.com/ingr_detail?id=303
cranberry sauce,http://www.cocktaildb.com/ingr_detail?id=304
cream,http://www.cocktaildb.com/ingr_detail?id=305
curry powder,http://www.cocktaildb.com/ingr_detail?id=306
eau de melisse,http://www.cocktaildb.com/ingr_detail?id=307
egg,http://www.cocktaildb.com/ingr_detail?id=308
falernum,http://www.cocktaildb.com/ingr_detail?id=309
food coloring,http://www.cocktaildb.com/ingr_detail?id=310
ginger,http://www.cocktaildb.com/ingr_detail?id=311
ginger ale,http://www.cocktaildb.com/ingr_detail?id=312
ginger beer,http://www.cocktaildb.com/ingr_detail?id=313
gomme syrup,http://www.cocktaildb.com/ingr_detail?id=314
grape juice,http://www.cocktaildb.com/ingr_detail?id=315
grapefruit juice,http://www.cocktaildb.com/ingr_detail?id=316
grenadine,http://www.cocktaildb.com/ingr_detail?id=317
guava nectar,http://www.cocktaildb.com/ingr_detail?id=318
half & half (dairy),http://www.cocktaildb.com/ingr_detail?id=319
Hawaiian Punch,http://www.cocktaildb.com/ingr_detail?id=320
honey,http://www.cocktaildb.com/ingr_detail?id=321
ice,http://www.cocktaildb.com/ingr_detail?id=322
ketchup,http://www.cocktaildb.com/ingr_detail?id=323
lemon juice,http://www.cocktaildb.com/ingr_detail?id=324
lemon sherbet,http://www.cocktaildb.com/ingr_detail?id=325
lemon syrup,http://www.cocktaildb.com/ingr_detail?id=326
lemonade,http://www.cocktaildb.com/ingr_detail?id=327
lime juice,http://www.cocktaildb.com/ingr_detail?id=328
limeade,http://www.cocktaildb.com/ingr_detail?id=329
lime sherbet,http://www.cocktaildb.com/ingr_detail?id=330
loganberry juice,http://www.cocktaildb.com/ingr_detail?id=331
mango nectar,http://www.cocktaildb.com/ingr_detail?id=332
maple syrup,http://www.cocktaildb.com/ingr_detail?id=333
milk,http://www.cocktaildb.com/ingr_detail?id=334
sprig of mint,http://www.cocktaildb.com/ingr_detail?id=335
molasses,http://www.cocktaildb.com/ingr_detail?id=336
fruit nectar,http://www.cocktaildb.com/ingr_detail?id=337
nutmeg,http://www.cocktaildb.com/ingr_detail?id=338
orange flower water,http://www.cocktaildb.com/ingr_detail?id=339
orange juice,http://www.cocktaildb.com/ingr_detail?id=340
orange sherbet,http://www.cocktaildb.com/ingr_detail?id=341
orgeat,http://www.cocktaildb.com/ingr_detail?id=342
papaya nectar,http://www.cocktaildb.com/ingr_detail?id=343
passion fruit nectar,http://www.cocktaildb.com/ingr_detail?id=344
passion fruit syrup,http://www.cocktaildb.com/ingr_detail?id=345
peach nectar,http://www.cocktaildb.com/ingr_detail?id=346
pear juice,http://www.cocktaildb.com/ingr_detail?id=347
white pepper,http://www.cocktaildb.com/ingr_detail?id=348
Pina Colada mix,http://www.cocktaildb.com/ingr_detail?id=349
pineapple juice,http://www.cocktaildb.com/ingr_detail?id=350
pineapple syrup,http://www.cocktaildb.com/ingr_detail?id=351
prune juice,http://www.cocktaildb.com/ingr_detail?id=352
prune syrup,http://www.cocktaildb.com/ingr_detail?id=353
raspberry syrup,http://www.cocktaildb.com/ingr_detail?id=354
groseille syrup,http://www.cocktaildb.com/ingr_detail?id=355
rock candy syrup,http://www.cocktaildb.com/ingr_detail?id=356
rose water,http://www.cocktaildb.com/ingr_detail?id=357
Rose's Lime Juice,http://www.cocktaildb.com/ingr_detail?id=358
salt,http://www.cocktaildb.com/ingr_detail?id=359
Schweppes Bitter Lemon,http://www.cocktaildb.com/ingr_detail?id=360
sesame seed syrup,http://www.cocktaildb.com/ingr_detail?id=361
sorbet,http://www.cocktaildb.com/ingr_detail?id=362
simple syrup,http://www.cocktaildb.com/ingr_detail?id=363
sirop de citron,http://www.cocktaildb.com/ingr_detail?id=364
soda,http://www.cocktaildb.com/ingr_detail?id=365
sour mix,http://www.cocktaildb.com/ingr_detail?id=366
Sprite,http://www.cocktaildb.com/ingr_detail?id=367
Squirt,http://www.cocktaildb.com/ingr_detail?id=368
strawberry syrup,http://www.cocktaildb.com/ingr_detail?id=369
sugar,http://www.cocktaildb.com/ingr_detail?id=370
sugar cane,http://www.cocktaildb.com/ingr_detail?id=371
syrup,http://www.cocktaildb.com/ingr_detail?id=372
Tabasco sauce,http://www.cocktaildb.com/ingr_detail?id=373
tamarind,http://www.cocktaildb.com/ingr_detail?id=374
tangerine juice,http://www.cocktaildb.com/ingr_detail?id=375
tea,http://www.cocktaildb.com/ingr_detail?id=376
tomato juice,http://www.cocktaildb.com/ingr_detail?id=377
tonic,http://www.cocktaildb.com/ingr_detail?id=378
vanilla bean,http://www.cocktaildb.com/ingr_detail?id=379
vanilla extract,http://www.cocktaildb.com/ingr_detail?id=380
vanilla ice cream,http://www.cocktaildb.com/ingr_detail?id=381
vinegar,http://www.cocktaildb.com/ingr_detail?id=382
water,http://www.cocktaildb.com/ingr_detail?id=383
watermelon juice,http://www.cocktaildb.com/ingr_detail?id=384
Worcestershire sauce,http://www.cocktaildb.com/ingr_detail?id=385
sugar cane aguardiente,http://www.cocktaildb.com/ingr_detail?id=386
Appleton Special Rum,http://www.cocktaildb.com/ingr_detail?id=387
Bacardi white rum,http://www.cocktaildb.com/ingr_detail?id=388
Batavia Arak,http://www.cocktaildb.com/ingr_detail?id=389
cachaÃ§a,http://www.cocktaildb.com/ingr_detail?id=390
clairin,http://www.cocktaildb.com/ingr_detail?id=391
Mount Gay Barbados rum,http://www.cocktaildb.com/ingr_detail?id=392
Myers's Rum,http://www.cocktaildb.com/ingr_detail?id=393
Okolehao,http://www.cocktaildb.com/ingr_detail?id=394
Rhum Negrita,http://www.cocktaildb.com/ingr_detail?id=395
rum,http://www.cocktaildb.com/ingr_detail?id=396
Rum Pampero,http://www.cocktaildb.com/ingr_detail?id=397
151 proof rum,http://www.cocktaildb.com/ingr_detail?id=398
Barbados rum,http://www.cocktaildb.com/ingr_detail?id=399
dark rum,http://www.cocktaildb.com/ingr_detail?id=400
Demerara rum,http://www.cocktaildb.com/ingr_detail?id=401
gold rum,http://www.cocktaildb.com/ingr_detail?id=403
Haitian rum,http://www.cocktaildb.com/ingr_detail?id=404
Jamaican rum,http://www.cocktaildb.com/ingr_detail?id=405
Martinique rum,http://www.cocktaildb.com/ingr_detail?id=406
Navy rum,http://www.cocktaildb.com/ingr_detail?id=407
New England rum,http://www.cocktaildb.com/ingr_detail?id=408
Puerto Rican rum,http://www.cocktaildb.com/ingr_detail?id=409
St. James Rum,http://www.cocktaildb.com/ingr_detail?id=410
Trinidad rum,http://www.cocktaildb.com/ingr_detail?id=411
white rum,http://www.cocktaildb.com/ingr_detail?id=412
blended whiskey,http://www.cocktaildb.com/ingr_detail?id=413
blended whiskey,http://www.cocktaildb.com/ingr_detail?id=414
Bourbon,http://www.cocktaildb.com/ingr_detail?id=415
Canadian whiskey,http://www.cocktaildb.com/ingr_detail?id=416
Chivas Regal,http://www.cocktaildb.com/ingr_detail?id=417
corn whiskey,http://www.cocktaildb.com/ingr_detail?id=418
Irish whiskey,http://www.cocktaildb.com/ingr_detail?id=419
Japanese whisky,http://www.cocktaildb.com/ingr_detail?id=420
rye whiskey,http://www.cocktaildb.com/ingr_detail?id=421
Scotch whisky,http://www.cocktaildb.com/ingr_detail?id=422
Seagram's V.O.,http://www.cocktaildb.com/ingr_detail?id=423
single malt Scotch,http://www.cocktaildb.com/ingr_detail?id=424
Tennessee whiskey,http://www.cocktaildb.com/ingr_detail?id=425
vatted whisky,http://www.cocktaildb.com/ingr_detail?id=426
Wild Turkey 101,http://www.cocktaildb.com/ingr_detail?id=427
Burgundy,http://www.cocktaildb.com/ingr_detail?id=428
sparkling Burgundy,http://www.cocktaildb.com/ingr_detail?id=429
Byrrh,http://www.cocktaildb.com/ingr_detail?id=430
Caperitif,http://www.cocktaildb.com/ingr_detail?id=431
Champagne,http://www.cocktaildb.com/ingr_detail?id=432
cherry Kijafa,http://www.cocktaildb.com/ingr_detail?id=433
Cinzano vermouth,http://www.cocktaildb.com/ingr_detail?id=434
claret,http://www.cocktaildb.com/ingr_detail?id=435
Dry Sack,http://www.cocktaildb.com/ingr_detail?id=436
Dubonnet,http://www.cocktaildb.com/ingr_detail?id=437
Harvey's Bristol Cream,http://www.cocktaildb.com/ingr_detail?id=438
Lillet Rouge,http://www.cocktaildb.com/ingr_detail?id=439
Madeira,http://www.cocktaildb.com/ingr_detail?id=440
Marsala,http://www.cocktaildb.com/ingr_detail?id=441
Port,http://www.cocktaildb.com/ingr_detail?id=442
Positana,http://www.cocktaildb.com/ingr_detail?id=443
Prosecco,http://www.cocktaildb.com/ingr_detail?id=444
Punt e Mes,http://www.cocktaildb.com/ingr_detail?id=445
quinquina,http://www.cocktaildb.com/ingr_detail?id=446
St. Raphael,http://www.cocktaildb.com/ingr_detail?id=447
riesling,http://www.cocktaildb.com/ingr_detail?id=448
sake,http://www.cocktaildb.com/ingr_detail?id=449
cocktail Sherry,http://www.cocktaildb.com/ingr_detail?id=450
bianco vermouth,http://www.cocktaildb.com/ingr_detail?id=451
dry vermouth,http://www.cocktaildb.com/ingr_detail?id=452
sweet vermouth,http://www.cocktaildb.com/ingr_detail?id=453
wine,http://www.cocktaildb.com/ingr_detail?id=454
ginger wine,http://www.cocktaildb.com/ingr_detail?id=456
May wine,http://www.cocktaildb.com/ingr_detail?id=457
Muscatel,http://www.cocktaildb.com/ingr_detail?id=458
red wine,http://www.cocktaildb.com/ingr_detail?id=459
Rhine wine,http://www.cocktaildb.com/ingr_detail?id=460
rose wine,http://www.cocktaildb.com/ingr_detail?id=461
rosÃ© wine,http://www.cocktaildb.com/ingr_detail?id=462
Sauterne,http://www.cocktaildb.com/ingr_detail?id=463
sparkling wine,http://www.cocktaildb.com/ingr_detail?id=465
Tokay wine,http://www.cocktaildb.com/ingr_detail?id=466
Vouvray,http://www.cocktaildb.com/ingr_detail?id=467
white wine,http://www.cocktaildb.com/ingr_detail?id=468
monastic liqueur,http://www.cocktaildb.com/ingr_detail?id=469
Carypton,http://www.cocktaildb.com/ingr_detail?id=470
kola tonic,http://www.cocktaildb.com/ingr_detail?id=471
Santa Cruz rum,http://www.cocktaildb.com/ingr_detail?id=472
Apfel Korn,http://www.cocktaildb.com/ingr_detail?id=473
Chartreuse Elixir,http://www.cocktaildb.com/ingr_detail?id=474
egg white,http://www.cocktaildb.com/ingr_detail?id=475
egg yolk,http://www.cocktaildb.com/ingr_detail?id=476
celery juice,http://www.cocktaildb.com/ingr_detail?id=477
carrot juice,http://www.cocktaildb.com/ingr_detail?id=478
Dubonnet blonde,http://www.cocktaildb.com/ingr_detail?id=479
Lillet Blanc,http://www.cocktaildb.com/ingr_detail?id=480
black sambuca,http://www.cocktaildb.com/ingr_detail?id=481
blended Scotch,http://www.cocktaildb.com/ingr_detail?id=482
blueberry schnapps,http://www.cocktaildb.com/ingr_detail?id=483
butterscotch schnapps,http://www.cocktaildb.com/ingr_detail?id=484
cherry-flavored vodka,http://www.cocktaildb.com/ingr_detail?id=485
citron vodka,http://www.cocktaildb.com/ingr_detail?id=486
chocolate flavored vodka,http://www.cocktaildb.com/ingr_detail?id=487
cinnamon flavored vodka,http://www.cocktaildb.com/ingr_detail?id=488
currant flavored vodka,http://www.cocktaildb.com/ingr_detail?id=490
lemon flavored vodka,http://www.cocktaildb.com/ingr_detail?id=492
orange flavored vodka,http://www.cocktaildb.com/ingr_detail?id=493
pepper flavored vodka,http://www.cocktaildb.com/ingr_detail?id=494
pineapple flavored vodka,http://www.cocktaildb.com/ingr_detail?id=496
raspberry flavored vodka,http://www.cocktaildb.com/ingr_detail?id=497
vanilla flavored vodka,http://www.cocktaildb.com/ingr_detail?id=498
Clamato juice,http://www.cocktaildb.com/ingr_detail?id=500
Crown Royal,http://www.cocktaildb.com/ingr_detail?id=501
gardenia,http://www.cocktaildb.com/ingr_detail?id=502
Godiva liqueur,http://www.cocktaildb.com/ingr_detail?id=503
Jack Daniels,http://www.cocktaildb.com/ingr_detail?id=504
mandarin flavored vodka,http://www.cocktaildb.com/ingr_detail?id=505
olive brine,http://www.cocktaildb.com/ingr_detail?id=506
onion brine,http://www.cocktaildb.com/ingr_detail?id=507
orchid,http://www.cocktaildb.com/ingr_detail?id=508
blackberry liqueur,http://www.cocktaildb.com/ingr_detail?id=509
apple liqueur,http://www.cocktaildb.com/ingr_detail?id=510
apricot schnapps,http://www.cocktaildb.com/ingr_detail?id=511
peach schnapps liqueur,http://www.cocktaildb.com/ingr_detail?id=512
Melon-flavored schnapps liqueur,http://www.cocktaildb.com/ingr_detail?id=513
raspberry schnapps liqueur,http://www.cocktaildb.com/ingr_detail?id=515
raspberry liqueur,http://www.cocktaildb.com/ingr_detail?id=516
sour apple schnapps liqueur,http://www.cocktaildb.com/ingr_detail?id=517
strawberry schnapps liqueur,http://www.cocktaildb.com/ingr_detail?id=518
wildberry schnapps,http://www.cocktaildb.com/ingr_detail?id=519
Pucker,http://www.cocktaildb.com/ingr_detail?id=520
whole almond,http://www.cocktaildb.com/ingr_detail?id=521
whole cranberry,http://www.cocktaildb.com/ingr_detail?id=522
root beer schnapps liqueur,http://www.cocktaildb.com/ingr_detail?id=524
Venezuelan Rum,http://www.cocktaildb.com/ingr_detail?id=525
amaro,http://www.cocktaildb.com/ingr_detail?id=526
Yellow Chartreuse,http://www.cocktaildb.com/ingr_detail?id=527
fresh raspberry puree,http://www.cocktaildb.com/ingr_detail?id=528
Cerasella,http://www.cocktaildb.com/ingr_detail?id=529
Pash,http://www.cocktaildb.com/ingr_detail?id=530
Creme of the Sky,http://www.cocktaildb.com/ingr_detail?id=531
Black & White Whisky,http://www.cocktaildb.com/ingr_detail?id=532
Johnnie Walker,http://www.cocktaildb.com/ingr_detail?id=533
King George IV Whisky,http://www.cocktaildb.com/ingr_detail?id=534
whisky,http://www.cocktaildb.com/ingr_detail?id=535
White Horse Whisky,http://www.cocktaildb.com/ingr_detail?id=536
Noilly Prat,http://www.cocktaildb.com/ingr_detail?id=537
Aperitif Rossi,http://www.cocktaildb.com/ingr_detail?id=538
L.B.W.,http://www.cocktaildb.com/ingr_detail?id=539
Booth's High and Dry,http://www.cocktaildb.com/ingr_detail?id=540
Souverain,http://www.cocktaildb.com/ingr_detail?id=541
Tangerinette,http://www.cocktaildb.com/ingr_detail?id=542
Cederlund's Caloric Punch,http://www.cocktaildb.com/ingr_detail?id=543
Sansilvestro,http://www.cocktaildb.com/ingr_detail?id=544
whole strawberry,http://www.cocktaildb.com/ingr_detail?id=545
Vat 69,http://www.cocktaildb.com/ingr_detail?id=546
grain alcohol,http://www.cocktaildb.com/ingr_detail?id=547
Fior d'Alpi,http://www.cocktaildb.com/ingr_detail?id=548
apple-flavored brandy liqueur,http://www.cocktaildb.com/ingr_detail?id=549
banana cordial,http://www.cocktaildb.com/ingr_detail?id=550
lemon liqueur,http://www.cocktaildb.com/ingr_detail?id=551
Passionfruit liqueur,http://www.cocktaildb.com/ingr_detail?id=552
apple brandy,http://www.cocktaildb.com/ingr_detail?id=553
green Izarra,http://www.cocktaildb.com/ingr_detail?id=554
Scotch-flavored liqueur,http://www.cocktaildb.com/ingr_detail?id=555
gin,http://www.cocktaildb.com/ingr_detail?id=556
lemon-flavored gin,http://www.cocktaildb.com/ingr_detail?id=557
Dagger Rum,http://www.cocktaildb.com/ingr_detail?id=558
Canadian Club,http://www.cocktaildb.com/ingr_detail?id=560
Cora Bitters,http://www.cocktaildb.com/ingr_detail?id=561
ginger liqueur,http://www.cocktaildb.com/ingr_detail?id=562
coconut liqueur,http://www.cocktaildb.com/ingr_detail?id=563
apple gin,http://www.cocktaildb.com/ingr_detail?id=564
orange syrup,http://www.cocktaildb.com/ingr_detail?id=565
seltzer water,http://www.cocktaildb.com/ingr_detail?id=566
Jeremiah Weed,http://www.cocktaildb.com/ingr_detail?id=567
apricot syrup,http://www.cocktaildb.com/ingr_detail?id=568
cream of tartar,http://www.cocktaildb.com/ingr_detail?id=569
Ricard,http://www.cocktaildb.com/ingr_detail?id=570
citric acid,http://www.cocktaildb.com/ingr_detail?id=571
Mattoni Water,http://www.cocktaildb.com/ingr_detail?id=572
Patron,http://www.cocktaildb.com/ingr_detail?id=573
raicilla,http://www.cocktaildb.com/ingr_detail?id=574
Yukon Jack,http://www.cocktaildb.com/ingr_detail?id=575
hock wine,http://www.cocktaildb.com/ingr_detail?id=576
Malort,http://www.cocktaildb.com/ingr_detail?id=577
Hendrick's gin,http://www.cocktaildb.com/ingr_detail?id=578
Gosling Black Seal rum,http://www.cocktaildb.com/ingr_detail?id=579
Blavod,http://www.cocktaildb.com/ingr_detail?id=580
Jim Beam,http://www.cocktaildb.com/ingr_detail?id=581
George Dickel,http://www.cocktaildb.com/ingr_detail?id=582
Barenjager,http://www.cocktaildb.com/ingr_detail?id=583
Krupnik,http://www.cocktaildb.com/ingr_detail?id=584
lemon-lime soda,http://www.cocktaildb.com/ingr_detail?id=585
apple flavored vodka,http://www.cocktaildb.com/ingr_detail?id=586
OP Anderson aquavit,http://www.cocktaildb.com/ingr_detail?id=587
Pinot Grigio,http://www.cocktaildb.com/ingr_detail?id=588
Absolut Mandrin,http://www.cocktaildb.com/ingr_detail?id=589
Bacardi LimÃ³n,http://www.cocktaildb.com/ingr_detail?id=590
Seagramâs Seven Crown whiskey,http://www.cocktaildb.com/ingr_detail?id=591
orange flavored vodka,http://www.cocktaildb.com/ingr_detail?id=592
raspberry flavored vodka,http://www.cocktaildb.com/ingr_detail?id=593
Stolichnaya Vanil,http://www.cocktaildb.com/ingr_detail?id=594
limoncello,http://www.cocktaildb.com/ingr_detail?id=595
Jello,http://www.cocktaildb.com/ingr_detail?id=597
celery seed,http://www.cocktaildb.com/ingr_detail?id=598
kiwi fruit slice,http://www.cocktaildb.com/ingr_detail?id=599
serrano chile pepper,http://www.cocktaildb.com/ingr_detail?id=600
tarragon,http://www.cocktaildb.com/ingr_detail?id=601
Wray & Nephew Jamaican rum,http://www.cocktaildb.com/ingr_detail?id=602
Bacardi 8,http://www.cocktaildb.com/ingr_detail?id=603
Spiced rum,http://www.cocktaildb.com/ingr_detail?id=604
Beefeater London Dry Gin,http://www.cocktaildb.com/ingr_detail?id=605
Clear Creek apple brandy,http://www.cocktaildb.com/ingr_detail?id=606
Licor 43,http://www.cocktaildb.com/ingr_detail?id=607
El Tesoro de Don Felipe Paradiso aÃ±ejo tequila,http://www.cocktaildb.com/ingr_detail?id=608
Glenkinchie single malt Scotch,http://www.cocktaildb.com/ingr_detail?id=609
Glenmorangie single malt Scotch,http://www.cocktaildb.com/ingr_detail?id=610
GoldschlÃ¤ger,http://www.cocktaildb.com/ingr_detail?id=611
Grey Goose vodka,http://www.cocktaildb.com/ingr_detail?id=612
Hersheyâs Hug,http://www.cocktaildb.com/ingr_detail?id=613
Hersheyâs Kiss,http://www.cocktaildb.com/ingr_detail?id=614
Torani Amer,http://www.cocktaildb.com/ingr_detail?id=615
Cherry Marnier,http://www.cocktaildb.com/ingr_detail?id=616
ruby port,http://www.cocktaildb.com/ingr_detail?id=617
peach puree,http://www.cocktaildb.com/ingr_detail?id=618
Nocello Walnut Liqueur,http://www.cocktaildb.com/ingr_detail?id=619
lemon flavored vodka,http://www.cocktaildb.com/ingr_detail?id=620
Van Gogh Wild Appel Vodka,http://www.cocktaildb.com/ingr_detail?id=621
sage,http://www.cocktaildb.com/ingr_detail?id=622
pomegranate juice,http://www.cocktaildb.com/ingr_detail?id=623
hazelnut,http://www.cocktaildb.com/ingr_detail?id=624
candied ginger,http://www.cocktaildb.com/ingr_detail?id=625
tomato water,http://www.cocktaildb.com/ingr_detail?id=626
aÃ±ejo rum,http://www.cocktaildb.com/ingr_detail?id=628
celery,http://www.cocktaildb.com/ingr_detail?id=629
elderflower syrup,http://www.cocktaildb.com/ingr_detail?id=630
powdered sugar,http://www.cocktaildb.com/ingr_detail?id=631
